{
    "Main": {
        "homepage_banner": {
            "type": "Group",
            "config": {
                "fields": {
                    "home_page_title": {
                        "type": "StructuredText",
                        "config": {
                            "multi": "paragraph, preformatted, heading1, heading2, heading3, heading4, heading5, heading6, strong, em, hyperlink, image, embed, list-item, o-list-item, rtl",
                            "label": "Home page title",
                            "placeholder": "Home page title"
                        }
                    },
                    "home_page_subtitle": {
                        "type": "StructuredText",
                        "config": {
                            "single": "paragraph, preformatted, heading1, heading2, heading3, heading4, heading5, heading6, strong, em, hyperlink, image, embed, list-item, o-list-item, rtl",
                            "label": "Home page subtitle",
                            "placeholder": "Home page subtitle"
                        }
                    },
                    "button_link": {
                        "type": "Link",
                        "config": {
                            "label": "Button Link",
                            "placeholder": "Button Link"
                        }
                    },
                    "button_label": {
                        "type": "StructuredText",
                        "config": {
                            "single": "paragraph",
                            "label": "Button Label",
                            "placeholder": "Button Label"
                        }
                    }
                },
                "label": "Homepage Banner",
                "repeat": false
            }
        },
        "page_content": {
            "type": "Slices",
            "fieldset": "Slice zone",
            "config": {
                "labels": {
                    "text_section": [{
                            "name": "1col",
                            "display": "1 Column"
                        },
                        {
                            "name": "2col",
                            "display": "2 Columns"
                        }
                    ]
                },
                "choices": {
                    "text_section": {
                        "type": "Slice",
                        "fieldset": "Text Section",
                        "description": "Simple text section with either one or two columns",
                        "icon": "text_fields",
                        "non-repeat": {
                            "rich_text": {
                                "type": "StructuredText",
                                "config": {
                                    "multi": "paragraph, heading1, strong",
                                    "label": "Rich Text",
                                    "placeholder": "Text..."
                                }
                            }
                        },
                        "repeat": {}
                    },
                    "quote": {
                        "type": "Slice",
                        "fieldset": "Quote",
                        "description": "A stylized quote",
                        "icon": "format_quote",
                        "non-repeat": {
                            "quote_text": {
                                "type": "StructuredText",
                                "config": {
                                    "single": "paragraph",
                                    "label": "Quote Text"
                                }
                            }
                        },
                        "repeat": {}
                    },
                    "full_width_image": {
                        "type": "Slice",
                        "fieldset": "Full Width Image",
                        "description": "A wide, thin image",
                        "icon": "broken_image",
                        "non-repeat": {
                            "image": {
                                "type": "Image",
                                "config": {
                                    "constraint": {
                                        "width": 5000,
                                        "height": 3000
                                    },
                                    "thumbnails": [{
                                        "name": "mobile",
                                        "width": 300,
                                        "height": 500
                                    }],
                                    "label": "Image"
                                }
                            }
                        },
                        "repeat": {}
                    },
                    "image_gallery": {
                        "type": "Slice",
                        "fieldset": "Image Gallery",
                        "description": "A collection of images, each with a description and an optional link",
                        "icon": "image",
                        "non-repeat": {
                            "gallery_title": {
                                "type": "StructuredText",
                                "config": {
                                    "single": "heading2, heading3",
                                    "label": "Gallery Title",
                                    "placeholder": "Image Gallery Title..."
                                }
                            }
                        },
                        "repeat": {
                            "image_description": {
                                "type": "StructuredText",
                                "config": {
                                    "single": "paragraph",
                                    "label": "Image Description",
                                    "placeholder": "Image description..."
                                }
                            },
                            "link": {
                                "type": "Link",
                                "config": {
                                    "label": "Link",
                                    "placeholder": "Optional Link"
                                }
                            },
                            "link_label": {
                                "type": "StructuredText",
                                "config": {
                                    "single": "paragraph",
                                    "label": "Link Label",
                                    "placeholder": "Optional Link Label"
                                }
                            },
                            "image": {
                                "type": "Image",
                                "config": {
                                    "constraint": {
                                        "width": 727,
                                        "height": 402
                                    },
                                    "thumbnails": [],
                                    "label": "Image"
                                }
                            }
                        }
                    },
                    "image_highlight": {
                        "type": "Slice",
                        "fieldset": "Image Highlight",
                        "description": "A section to highlight an image with title, text, and optional link",
                        "icon": "star",
                        "non-repeat": {
                            "featured_image": {
                                "type": "Image",
                                "config": {
                                    "constraint": {
                                        "width": 727,
                                        "height": 402
                                    },
                                    "thumbnails": [],
                                    "label": "Featured Image"
                                }
                            },
                            "title": {
                                "type": "StructuredText",
                                "config": {
                                    "single": "heading2",
                                    "label": "Image Title",
                                    "placeholder": "Featured Title..."
                                }
                            },
                            "headline": {
                                "type": "StructuredText",
                                "config": {
                                    "single": "heading3",
                                    "label": "Image Headline",
                                    "placeholder": "Featured Headline..."
                                }
                            },
                            "link": {
                                "type": "Link",
                                "config": {
                                    "label": "Featured Link",
                                    "placeholder": "Optional Link"
                                }
                            },
                            "link_label": {
                                "type": "StructuredText",
                                "config": {
                                    "single": "paragraph",
                                    "label": "Featured Link Label",
                                    "placeholder": "Optional Link Label"
                                }
                            }
                        },
                        "repeat": {}
                    },
                    "about_slice": {
                        "type": "Slice",
                        "fieldset": "About Slice",
                        "description": "About  Slice",
                        "icon": "star",
                        "non-repeat": {
                            "featured_image": {
                                "type": "Image",
                                "config": {
                                    "constraint": {
                                        "width": 727,
                                        "height": 700
                                    },
                                    "thumbnails": [{
                                        "name": "mobile",
                                        "width": 320,
                                        "height": 500
                                    }],
                                    "label": "Featured Image"
                                }
                            },
                            "text": {
                                "type": "StructuredText",
                                "config": {
                                    "multi": "paragraph, heading6, strong",
                                    "label": "Text",
                                    "placeholder": "text"
                                }
                            },
                            "testing": {
                                "type": "StructuredText",
                                "config": {
                                    "multi": "paragraph, heading6, strong",
                                    "label": "Text",
                                    "placeholder": "text"
                                }
                            },
                            "title": {
                                "type": "StructuredText",
                                "config": {
                                    "multi": "heading2",
                                    "label": "Image Title",
                                    "placeholder": "Featured Title..."
                                }
                            },
                            "headline": {
                                "type": "StructuredText",
                                "config": {
                                    "single": "heading3",
                                    "label": "Image Headline",
                                    "placeholder": "Featured Headline..."
                                }
                            },
                            "link": {
                                "type": "Link",
                                "config": {
                                    "label": "Featured Link",
                                    "placeholder": "Optional Link"
                                }
                            },
                            "link_label": {
                                "type": "StructuredText",
                                "config": {
                                    "single": "paragraph",
                                    "label": "Featured Link Label",
                                    "placeholder": "Optional Link Label"
                                }
                            }
                        },
                        "repeat": {}
                    },
                    "table_slice": {
                        "type": "Slice",
                        "fieldset": "Table (2 col)",
                        "description": "Rows of repeatable data",
                        "icon": "grid_on",
                        "display": "list",
                        "non-repeat": {
                            "table_title": {
                                "type": "StructuredText",
                                "config": {
                                    "single": "heading1, heading2, heading3, heading4, heading5, heading6",
                                    "label": "Title",
                                    "placeholder": "Table Title"
                                }
                            }
                        },
                        "repeat": {
                            "col1": {
                                "type": "StructuredText",
                                "config": {
                                    "multi": "paragraph, strong, em",
                                    "label": "col1",
                                    "placeholder": "Column 1 content..."
                                }
                            },
                            "col2": {
                                "type": "StructuredText",
                                "config": {
                                    "multi": "paragraph",
                                    "label": "col2",
                                    "placeholder": "Column 2 content..."
                                }
                            }
                        }
                    },
                    "figure_slice": {
                        "type": "Slice",
                        "fieldset": "Text Gallery",
                        "description": "A collection of Text with a description",
                        "icon": "image",
                        "non-repeat": {
                            "gallery_title": {
                                "type": "StructuredText",
                                "config": {
                                    "single": "heading2, heading3",
                                    "label": "Gallery Title",
                                    "placeholder": "Image Gallery Title..."
                                }
                            }
                        },
                        "repeat": {
                            "image_description": {
                                "type": "StructuredText",
                                "config": {
                                    "single": "paragraph",
                                    "label": "Image Description",
                                    "placeholder": "Image description..."
                                }
                            },
                            "image_description2": {
                                "type": "StructuredText",
                                "config": {
                                    "single": "paragraph",
                                    "label": "Image Description2",
                                    "placeholder": "Image description2..."
                                }
                            }
                        }
                    },
                    "work_slice": {
                        "type": "Slice",
                        "fieldset": "Work Slice",
                        "description": "Work  Slice",
                        "icon": "star",
                        "non-repeat": {
                            "featured_image": {
                                "type": "Image",
                                "config": {
                                    "constraint": {
                                        "width": 727,
                                        "height": 700
                                    },
                                    "thumbnails": [],
                                    "label": "Featured Image"
                                }
                            },
                            "text": {
                                "type": "StructuredText",
                                "config": {
                                    "multi": "paragraph, heading6, strong",
                                    "label": "Text",
                                    "placeholder": "text"
                                }
                            },
                            "testing": {
                                "type": "StructuredText",
                                "config": {
                                    "multi": "paragraph, preformatted, heading1, heading2, heading3, heading4, heading5, heading6, strong, em, hyperlink, image, embed, list-item, o-list-item, rtl",
                                    "label": "Testing",
                                    "placeholder": "Title"
                                }
                            },
                            "title": {
                                "type": "StructuredText",
                                "config": {
                                    "single": "heading2",
                                    "label": "Image Title",
                                    "placeholder": "Featured Title..."
                                }
                            },
                            "headline": {
                                "type": "StructuredText",
                                "config": {
                                    "single": "heading3",
                                    "label": "Image Headline",
                                    "placeholder": "Featured Headline..."
                                }
                            },
                            "link": {
                                "type": "Link",
                                "config": {
                                    "label": "Featured Link",
                                    "placeholder": "Optional Link"
                                }
                            },
                            "link_label": {
                                "type": "StructuredText",
                                "config": {
                                    "single": "paragraph",
                                    "label": "Featured Link Label",
                                    "placeholder": "Optional Link Label"
                                }
                            }
                        },
                        "repeat": {}
                    },
                    "block_gallery": {
                        "type": "Slice",
                        "fieldset": "Block Gallery",
                        "description": "A collection of Text with a description",
                        "icon": "image",
                        "non-repeat": {
                            "gallery_title": {
                                "type": "StructuredText",
                                "config": {
                                    "single": "heading2, heading3",
                                    "label": "Gallery Title",
                                    "placeholder": "Image Gallery Title..."
                                }
                            }
                        },
                        "repeat": {
                            "image_description": {
                                "type": "StructuredText",
                                "config": {
                                    "single": "paragraph",
                                    "label": "Image Description",
                                    "placeholder": "Image description..."
                                }
                            }
                        }
                    },
                    "work_picture": {
                        "type": "Slice",
                        "fieldset": "Work Picture",
                        "description": "A collection of images, each with a description and an optional link",
                        "icon": "image",
                        "non-repeat": {
                            "gallery_title": {
                                "type": "StructuredText",
                                "config": {
                                    "single": "heading2, heading3",
                                    "label": "Gallery Title",
                                    "placeholder": "Image Gallery Title..."
                                }
                            }
                        },
                        "repeat": {
                            "image_description": {
                                "type": "StructuredText",
                                "config": {
                                    "single": "paragraph",
                                    "label": "Image Description",
                                    "placeholder": "Image description..."
                                }
                            },
                            "link": {
                                "type": "Link",
                                "config": {
                                    "label": "Link",
                                    "placeholder": "Optional Link"
                                }
                            },
                            "link_label": {
                                "type": "StructuredText",
                                "config": {
                                    "single": "paragraph",
                                    "label": "Link Label",
                                    "placeholder": "Optional Link Label"
                                }
                            },
                            "image": {
                                "type": "Image",
                                "config": {
                                    "constraint": {
                                        "width": 727,
                                        "height": 402
                                    },
                                    "thumbnails": [],
                                    "label": "Image"
                                }
                            }
                        }
                    },
                    "brand_outlet": {
                        "type": "Slice",
                        "fieldset": "Brand Outlet Image",
                        "description": "A wide, thin image",
                        "icon": "broken_image",
                        "non-repeat": {
                            "image": {
                                "type": "Image",
                                "config": {
                                    "constraint": {
                                        "width": 900,
                                        "height": 600
                                    },
                                    "thumbnails": [],
                                    "label": "Image"
                                }
                            }
                        },
                        "repeat": {}
                    },
                    "description_slice": {
                        "type": "Slice",
                        "fieldset": "Description Slice",
                        "description": "Description  Slice",
                        "icon": "star",
                        "non-repeat": {
                            "band_name": {
                                "type": "StructuredText",
                                "config": {
                                    "multi": "paragraph, preformatted, heading1, heading2, heading3, heading4, heading5, heading6, strong, em, hyperlink, image, embed, list-item, o-list-item, rtl",
                                    "label": "Band name / key word",
                                    "placeholder": "Band name / key word"
                                }
                            },
                            "band_name_color": {
                                "type": "Color",
                                "config": {
                                    "label": "Band name color"
                                }
                            },
                            "title": {
                                "type": "StructuredText",
                                "config": {
                                    "multi": "paragraph, preformatted, heading1, heading2, heading3, heading4, heading5, heading6, strong, em, hyperlink, image, embed, list-item, o-list-item, rtl",
                                    "label": "Title",
                                    "placeholder": "Title"
                                }
                            },
                            "title_color": {
                                "type": "Color",
                                "config": {
                                    "label": "Title color"
                                }
                            },
                            "description_body": {
                                "type": "StructuredText",
                                "config": {
                                    "multi": "paragraph, preformatted, heading1, heading2, heading3, heading4, heading5, heading6, strong, em, hyperlink, image, embed, list-item, o-list-item, rtl",
                                    "allowTargetBlank": true,
                                    "label": "Description / body",
                                    "placeholder": "Description / body"
                                }
                            },
                            "description_body_color": {
                                "type": "Color",
                                "config": {
                                    "label": "Description color"
                                }
                            },
                            "link": {
                                "type": "Link",
                                "config": {
                                    "label": "Featured link",
                                    "placeholder": "Optional Link"
                                }
                            },
                            "link_label": {
                                "type": "StructuredText",
                                "config": {
                                    "multi": "paragraph, preformatted, heading1, heading2, heading3, heading4, heading5, heading6, strong, em, hyperlink, image, embed, list-item, o-list-item, rtl",
                                    "label": "Featured link label",
                                    "placeholder": "Optional Link Label"
                                }
                            },
                            "link_color": {
                                "type": "Color",
                                "config": {
                                    "label": "Link color"
                                }
                            },
                            "link_hover_color": {
                                "type": "Color",
                                "config": {
                                    "label": "Link hover color"
                                }
                            },
                            "link_background_color": {
                                "type": "Color",
                                "config": {
                                    "label": "Link background color"
                                }
                            },
                            "link_background_hover_color": {
                                "type": "Color",
                                "config": {
                                    "label": "Link background hover color"
                                }
                            },
                            "link_border_color": {
                                "type": "Color",
                                "config": {
                                    "label": "Link border color"
                                }
                            },
                            "link_border_hover_color": {
                                "type": "Color",
                                "config": {
                                    "label": "Link border hover color"
                                }
                            }
                        },
                        "repeat": {}
                    },
                    "description_link": {
                        "type": "Slice",
                        "fieldset": "Description Link",
                        "description": "Description  Link",
                        "icon": "star",
                        "non-repeat": {
                            "text": {
                                "type": "StructuredText",
                                "config": {
                                    "multi": "paragraph, heading6, strong",
                                    "label": "Text",
                                    "placeholder": "text"
                                }
                            },
                            "testing": {
                                "type": "StructuredText",
                                "config": {
                                    "multi": "paragraph, heading6, strong",
                                    "label": "Text",
                                    "placeholder": "text"
                                }
                            },
                            "title": {
                                "type": "StructuredText",
                                "config": {
                                    "multi": "heading2",
                                    "label": "Image Title",
                                    "placeholder": "Featured Title..."
                                }
                            },
                            "headline": {
                                "type": "StructuredText",
                                "config": {
                                    "single": "heading3",
                                    "label": "Image Headline",
                                    "placeholder": "Featured Headline..."
                                }
                            }
                        },
                        "repeat": {}
                    },
                    "app_slice": {
                        "type": "Slice",
                        "fieldset": "App Slice",
                        "description": "A collection of images, each with a description and an optional link",
                        "icon": "image",
                        "non-repeat": {
                            "app_title": {
                                "type": "StructuredText",
                                "config": {
                                    "single": "heading2, heading3",
                                    "label": "App Title",
                                    "placeholder": "App Title"
                                }
                            }
                        },
                        "repeat": {
                            "block_title": {
                                "type": "StructuredText",
                                "config": {
                                    "single": "paragraph, preformatted, heading1, heading2, heading3, heading4, heading5, heading6, strong, em, hyperlink, image, embed, list-item, o-list-item, rtl",
                                    "label": "Block title",
                                    "placeholder": "Block title"
                                }
                            },
                            "block_description": {
                                "type": "StructuredText",
                                "config": {
                                    "multi": "paragraph, preformatted, heading1, heading2, heading3, heading4, heading5, heading6, strong, em, hyperlink, image, embed, list-item, o-list-item, rtl",
                                    "label": "Block description",
                                    "placeholder": "Block description"
                                }
                            },
                            "link": {
                                "type": "Link",
                                "config": {
                                    "label": "Featured Link",
                                    "placeholder": "Optional Link"
                                }
                            },
                            "link_label": {
                                "type": "StructuredText",
                                "config": {
                                    "single": "paragraph",
                                    "label": "Featured Link Label",
                                    "placeholder": "Optional Link Label"
                                }
                            }
                        }
                    },
                    "num_slice": {
                        "type": "Slice",
                        "fieldset": "Num Slice",
                        "description": "Num Slice",
                        "icon": "star",
                        "non-repeat": {
                            "number_slice_title": {
                                "type": "StructuredText",
                                "config": {
                                    "multi": "paragraph, preformatted, heading1, heading2, heading3, heading4, heading5, heading6, strong, em, hyperlink, image, embed, list-item, o-list-item, rtl",
                                    "label": "Number Slice title",
                                    "placeholder": "Number Slice title"
                                }
                            }
                        },
                        "repeat": {
                            "title": {
                                "type": "Text",
                                "config": {
                                    "label": "title",
                                    "placeholder": "title"
                                }
                            },
                            "number": {
                                "type": "Number",
                                "config": {
                                    "label": "number",
                                    "placeholder": "number"
                                }
                            }
                        }
                    },
                    "story_slice": {
                        "type": "Slice",
                        "fieldset": "Story Slice",
                        "description": "Story  Slice",
                        "icon": "star",
                        "non-repeat": {
                            "featured_image": {
                                "type": "Image",
                                "config": {
                                    "constraint": {
                                        "width": 727,
                                        "height": 700
                                    },
                                    "thumbnails": [],
                                    "label": "Featured Image"
                                }
                            },
                            "text": {
                                "type": "StructuredText",
                                "config": {
                                    "multi": "paragraph, heading6, strong",
                                    "label": "Text",
                                    "placeholder": "text"
                                }
                            },
                            "testing": {
                                "type": "StructuredText",
                                "config": {
                                    "multi": "paragraph, preformatted, heading1, heading2, heading3, heading4, heading5, heading6, strong, em, hyperlink, image, embed, list-item, o-list-item, rtl",
                                    "label": "Testing",
                                    "placeholder": "Title"
                                }
                            },
                            "title": {
                                "type": "StructuredText",
                                "config": {
                                    "single": "heading2",
                                    "label": "Image Title",
                                    "placeholder": "Featured Title..."
                                }
                            },
                            "headline": {
                                "type": "StructuredText",
                                "config": {
                                    "single": "heading3",
                                    "label": "Image Headline",
                                    "placeholder": "Featured Headline..."
                                }
                            },
                            "link": {
                                "type": "Link",
                                "config": {
                                    "label": "Featured Link",
                                    "placeholder": "Optional Link"
                                }
                            },
                            "link_label": {
                                "type": "StructuredText",
                                "config": {
                                    "single": "paragraph",
                                    "label": "Featured Link Label",
                                    "placeholder": "Optional Link Label"
                                }
                            }
                        },
                        "repeat": {}
                    },
                    "form_slice": {
                        "type": "Slice",
                        "fieldset": "Form",
                        "description": "Simple text section with either one or two columns",
                        "icon": "text_fields",
                        "non-repeat": {
                            "contactform": {
                                "type": "Embed",
                                "config": {
                                    "label": "contactform"
                                }
                            }
                        },
                        "repeat": {}
                    },
                    "images_slider": {
                        "type": "Slice",
                        "fieldset": "Images Slider",
                        "description": "A slider of full-width images + description",
                        "icon": "image",
                        "display": "list",
                        "non-repeat": {
                            "eyebrow_headline": {
                                "type": "StructuredText",
                                "config": {
                                    "multi": "paragraph, preformatted, heading1, heading2, heading3, heading4, heading5, heading6, strong, em, hyperlink, image, embed, list-item, o-list-item, o-list-item",
                                    "allowTargetBlank": true,
                                    "label": "Eyebrow headline"
                                }
                            },
                            "title": {
                                "type": "StructuredText",
                                "config": {
                                    "single": "heading1, heading2, heading3, heading4, heading5, heading6",
                                    "label": "Title"
                                }
                            },
                            "description": {
                                "type": "StructuredText",
                                "config": {
                                    "multi": "paragraph, preformatted, heading1, heading2, heading3, heading4, heading5, heading6, strong, em, hyperlink, image, embed, list-item, o-list-item, o-list-item",
                                    "allowTargetBlank": true,
                                    "label": "Description"
                                }
                            }
                        },
                        "repeat": {
                            "image": {
                                "type": "Image",
                                "config": {
                                    "constraint": {
                                        "width": 700,
                                        "height": 700
                                    },
                                    "thumbnails": [],
                                    "label": "Full Width Image"
                                }
                            },
                            "description": {
                                "type": "StructuredText",
                                "config": {
                                    "multi": "paragraph, preformatted, heading1, heading2, heading3, heading4, heading5, heading6, strong, em, hyperlink, image, embed, list-item, o-list-item, o-list-item",
                                    "allowTargetBlank": true,
                                    "label": "Description"
                                }
                            }
                        }
                    },
                    "contact_slice": {
                        "type": "Slice",
                        "fieldset": "Contact Slice",
                        "description": "Contact  Slice",
                        "icon": "star",
                        "non-repeat": {
                            "featured_image": {
                                "type": "Image",
                                "config": {
                                    "constraint": {
                                        "width": 727,
                                        "height": 700
                                    },
                                    "thumbnails": [],
                                    "label": "Featured Image"
                                }
                            },
                            "text": {
                                "type": "StructuredText",
                                "config": {
                                    "multi": "paragraph, heading6, strong",
                                    "label": "Text",
                                    "placeholder": "text"
                                }
                            }
                        },
                        "repeat": {}
                    },
                    "slideshow_slice": {
                        "type": "Slice",
                        "fieldset": "Slide Show Slice",
                        "description": "Slide Show Slice",
                        "icon": "star",
                        "non-repeat": {
                            "text": {
                                "type": "StructuredText",
                                "config": {
                                    "multi": "paragraph, heading6, strong",
                                    "label": "Text",
                                    "placeholder": "text"
                                }
                            }
                        },
                        "repeat": {}
                    },
                    "desc_slice": {
                        "type": "Slice",
                        "fieldset": "Desc Slice",
                        "description": "Desc  Slice",
                        "icon": "star",
                        "non-repeat": {
                            "text": {
                                "type": "StructuredText",
                                "config": {
                                    "multi": "paragraph, heading6, strong",
                                    "label": "Text",
                                    "placeholder": "text"
                                }
                            },
                            "testing": {
                                "type": "StructuredText",
                                "config": {
                                    "multi": "paragraph, heading6, strong",
                                    "label": "Text",
                                    "placeholder": "text"
                                }
                            },
                            "title": {
                                "type": "StructuredText",
                                "config": {
                                    "multi": "heading2",
                                    "label": "Image Title",
                                    "placeholder": "Featured Title..."
                                }
                            },
                            "headline": {
                                "type": "StructuredText",
                                "config": {
                                    "single": "heading3",
                                    "label": "Image Headline",
                                    "placeholder": "Featured Headline..."
                                }
                            },
                            "link": {
                                "type": "Link",
                                "config": {
                                    "label": "Featured Link",
                                    "placeholder": "Optional Link"
                                }
                            },
                            "link_label": {
                                "type": "StructuredText",
                                "config": {
                                    "single": "paragraph",
                                    "label": "Featured Link Label",
                                    "placeholder": "Optional Link Label"
                                }
                            }
                        },
                        "repeat": {}
                    }
                }
            }
        }
    }
}